lr,dropout,l2,val_auc,test_auc,test_f1_best_thr,best_thr,test_acc_best_thr,n_epochs_run
0.01,0.1,0.0,0.8556742777551724,0.6707767944936087,0.652542372881356,0.05,0.5980392156862745,15
0.01,0.3,0.0,0.8026287990234438,0.5370698131760079,0.6157158234660925,0.05,0.5,19
0.01,0.5,0.0,0.7662710491721181,0.601339233038348,0.6881028938906752,0.05,0.5245098039215687,12
0.001,0.1,0.0,0.7895376224607968,0.5819311701081613,0.6414141414141414,0.05,0.5028011204481793,37
0.001,0.3,0.0,0.7648713574759773,0.6364523107177975,0.6887052341597796,0.05,0.5252100840336135,14
0.001,0.5,0.0,0.7871099251932768,0.6301769911504425,0.6887052341597796,0.05,0.5252100840336135,17
0.0001,0.1,0.0,0.751475007042474,0.6166981317600786,0.6887052341597796,0.05,0.5252100840336135,30
0.0001,0.3,0.0,0.7545952142477073,0.6288702064896756,0.6887052341597796,0.05,0.5252100840336135,50
0.0001,0.5,0.0,0.76537802435131,0.6341927236971484,0.6887052341597796,0.05,0.5252100840336135,33
