epoch,accuracy,auc,learning_rate,loss,precision,recall,val_accuracy,val_auc,val_loss,val_precision,val_recall
0,0.9040604829788208,0.9704316258430481,9.999999747378752e-05,0.3078382611274719,0.9019607901573181,0.9068100452423096,0.5103817582130432,0.9335827827453613,1.1721726655960083,1.0,0.016150740906596184
1,0.950813353061676,0.9896818399429321,9.999999747378752e-05,0.2341492772102356,0.9545689225196838,0.9467486143112183,0.5257869958877563,0.9159579277038574,0.8973696231842041,1.0,0.04710632562637329
2,0.9537594318389893,0.9903013706207275,9.999999747378752e-05,0.2306666225194931,0.9541378617286682,0.9534050226211548,0.6316142082214355,0.9266119599342346,0.8463121652603149,1.0,0.25975772738456726
3,0.9559369683265686,0.9911384582519531,9.999999747378752e-05,0.2265539914369583,0.9585478901863098,0.9531490206718445,0.7233757376670837,0.92411208152771,0.6999340653419495,1.0,0.4441453516483307
4,0.9619572162628174,0.9930295944213867,4.999999873689376e-05,0.21149197220802307,0.9644787907600403,0.9592933654785156,0.584058940410614,0.9211628437042236,0.856797456741333,1.0,0.16419918835163116
5,0.9690021872520447,0.9944888353347778,4.999999873689376e-05,0.20215032994747162,0.9719216823577881,0.9659498333930969,0.6095110774040222,0.9173926115036011,0.8462356328964233,1.0,0.21534320712089539
6,0.9713078141212463,0.9952870011329651,4.999999873689376e-05,0.19623547792434692,0.9752194285392761,0.9672299027442932,0.6758204698562622,0.9078600406646729,0.7674875259399414,1.0,0.3485867977142334
7,0.9697707295417786,0.9948683381080627,2.499999936844688e-05,0.1971266120672226,0.9739152789115906,0.9654377698898315,0.579370379447937,0.8960700035095215,0.9471073150634766,1.0,0.15477792918682098
8,0.973229169845581,0.9949526190757751,2.499999936844688e-05,0.19393043220043182,0.9743392467498779,0.9720942378044128,0.7253851294517517,0.894180417060852,0.7539684772491455,0.9940652847290039,0.45087483525276184
9,0.9727168083190918,0.9958771467208862,2.499999936844688e-05,0.19082944095134735,0.9745566844940186,0.9708141088485718,0.6959142684936523,0.9127519130706787,0.738631010055542,1.0,0.3889636695384979
10,0.9773280620574951,0.996703028678894,1.249999968422344e-05,0.18334810435771942,0.9821566939353943,0.9723502397537231,0.6657736301422119,0.9194437265396118,0.7586272358894348,0.9959349632263184,0.32974427938461304
11,0.9770718812942505,0.9971041679382324,1.249999968422344e-05,0.18226462602615356,0.9791720509529114,0.9749103784561157,0.6630944609642029,0.9217469692230225,0.7701677083969116,0.9878048896789551,0.327052503824234
12,0.9787370562553406,0.9968189001083374,1.249999968422344e-05,0.18146470189094543,0.9827052354812622,0.9746543765068054,0.7220361828804016,0.9235154390335083,0.7037616968154907,0.9939758777618408,0.4441453516483307
13,0.9791213274002075,0.9965740442276001,6.24999984211172e-06,0.18000911176204681,0.982967734336853,0.9751664400100708,0.667113184928894,0.9174669981002808,0.8001752495765686,0.9959677457809448,0.33243608474731445
14,0.9828358888626099,0.997245728969574,6.24999984211172e-06,0.17497532069683075,0.9865841269493103,0.9790066480636597,0.6872069835662842,0.9134948253631592,0.7821178436279297,0.9928571581840515,0.3741588294506073
15,0.9802741408348083,0.997209906578064,6.24999984211172e-06,0.17779463529586792,0.9837545156478882,0.9767025113105774,0.7253851294517517,0.9232876300811768,0.7396480441093445,0.9940652847290039,0.45087483525276184
