epoch,accuracy,auc,loss,precision,recall,val_accuracy,val_auc,val_loss,val_precision,val_recall,learning_rate
0,0.7150793671607971,0.7741816639900208,0.5677365660667419,0.7711661458015442,0.612432599067688,0.6296296119689941,0.6070902943611145,0.7004573941230774,0.7986348271369934,0.3466666638851166,0.009999999776482582
1,0.7450793385505676,0.8149004578590393,0.5286740660667419,0.7789397835731506,0.6850618720054626,0.5859259366989136,0.598799467086792,0.7706773281097412,0.6367924809455872,0.4000000059604645,0.009999999776482582
2,0.7512698173522949,0.8300966024398804,0.5100789070129395,0.7802119851112366,0.7002854347229004,0.6281481385231018,0.6740477681159973,0.6903371810913086,0.7409470677375793,0.39407408237457275,0.009999999776482582
3,0.7680952548980713,0.8404093384742737,0.4958277940750122,0.7935461401939392,0.7253409624099731,0.627407431602478,0.6510189175605774,0.7640228867530823,0.7336956262588501,0.4000000059604645,0.009999999776482582
4,0.7695237994194031,0.8434756398200989,0.4925456643104553,0.7923685312271118,0.7310497760772705,0.6259258985519409,0.6519615650177002,0.7557324171066284,0.7544910311698914,0.3733333349227905,0.009999999776482582
5,0.771746039390564,0.8468682169914246,0.4865436553955078,0.7933629751205444,0.7354900240898132,0.6385185122489929,0.6985009908676147,0.6887907981872559,0.7533875107765198,0.4118518531322479,0.009999999776482582
6,0.7792063355445862,0.8510698080062866,0.48076605796813965,0.8015058040618896,0.7427846789360046,0.6081481575965881,0.6725870370864868,0.7236922979354858,0.692105233669281,0.38962963223457336,0.009999999776482582
7,0.7822222113609314,0.8568055033683777,0.47353237867355347,0.8059086203575134,0.744053304195404,0.6281481385231018,0.7025173902511597,0.7008947730064392,0.7450425028800964,0.38962963223457336,0.009999999776482582
8,0.7873015999794006,0.8578845262527466,0.47246411442756653,0.810764491558075,0.7500792741775513,0.6437036991119385,0.7426457405090332,0.6883714199066162,0.7740113139152527,0.4059259295463562,0.009999999776482582
9,0.7830158472061157,0.8608887791633606,0.46637532114982605,0.8066620826721191,0.7450047731399536,0.6607407331466675,0.7200317978858948,0.7245744466781616,0.794037938117981,0.4340740740299225,0.009999999776482582
10,0.794603168964386,0.8689863085746765,0.45863842964172363,0.8122270703315735,0.7668886780738831,0.6540740728378296,0.7235522866249084,0.6915338039398193,0.7795698642730713,0.4296296238899231,0.009999999776482582
11,0.7922222018241882,0.8652917146682739,0.45947951078414917,0.8102288246154785,0.7637171149253845,0.6325926184654236,0.6524927020072937,0.8295814394950867,0.7579250931739807,0.38962963223457336,0.009999999776482582
12,0.79666668176651,0.8690879344940186,0.45558205246925354,0.8192360401153564,0.7618141174316406,0.6340740919113159,0.6853201389312744,0.7323223948478699,0.7426273226737976,0.4103703796863556,0.009999999776482582
13,0.7992063760757446,0.8760991096496582,0.44195955991744995,0.820652186870575,0.7662543654441833,0.6577777862548828,0.6903857588768005,0.7259255051612854,0.7669172883033752,0.4533333480358124,0.004999999888241291
14,0.8033333420753479,0.8767223358154297,0.44048526883125305,0.8187874555587769,0.779574990272522,0.6503703594207764,0.6915445327758789,0.7126354575157166,0.7531172037124634,0.44740739464759827,0.004999999888241291
15,0.8074603080749512,0.8830965161323547,0.43090835213661194,0.8265992999076843,0.7786235213279724,0.6466666460037231,0.6985383033752441,0.735842764377594,0.761904776096344,0.4266666769981384,0.004999999888241291
16,0.8068253993988037,0.8832467794418335,0.4315061569213867,0.8265857100486755,0.7770377397537231,0.6407407522201538,0.7164422869682312,0.6899772882461548,0.7461140155792236,0.4266666769981384,0.004999999888241291
17,0.8100000023841858,0.8872095942497253,0.4249924123287201,0.8264352679252625,0.7852838635444641,0.648888885974884,0.7158200144767761,0.7036386132240295,0.7665782570838928,0.42814815044403076,0.0024999999441206455
18,0.8117460608482361,0.8862290978431702,0.424587219953537,0.8283806443214417,0.7868696451187134,0.6629629731178284,0.7179621458053589,0.7076573967933655,0.7806122303009033,0.4533333480358124,0.0024999999441206455
